User_ID,Device,Profession,Age,Daily_Minutes_Spent,Posts_Per_Day,Likes_Per_Day,Follows_Per_Day
U_1,Android,Software Engineer,43,288,16,94,0
U_2,Android,Manager,42,192,14,117,15
U_3,IOS,Marketer Manager,44,351,13,120,48
U_4,IOS,Manager,44,21,20,117,8
U_5,Android,Software Engineer,37,241,16,9,21
U_6,IOS,Marketer Manager,45,464,3,137,30
U_7,Android,Manager,36,229,1,188,25
U_8,Android,Marketer Manager,43,8,19,179,48
U_9,IOS,Marketer Manager,42,80,7,14,25
U_10,IOS,Marketer Manager,39,428,6,4,41
U_11,IOS,Manager,39,52,18,124,26
U_12,Android,Marketer Manager,39,314,18,132,28
U_13,Android,Manager,45,26,17,198,18
U_14,IOS,Software Engineer,45,427,0,110,19
U_15,Android,Manager,35,434,2,111,16
U_16,IOS,Software Engineer,40,494,10,93,49
U_17,IOS,Manager,36,32,2,81,8
U_18,IOS,Marketer Manager,35,104,19,3,49
U_19,Android,Manager,43,431,7,14,38
U_20,IOS,Marketer Manager,40,347,16,187,21
U_21,Android,Software Engineer,37,52,19,51,33
U_22,Android,Manager,40,100,19,42,9
U_23,Android,Marketer Manager,45,214,9,122,16
U_24,Android,Software Engineer,43,221,15,127,22
U_25,IOS,Software Engineer,35,280,13,42,15
U_26,Android,Manager,40,355,0,128,38
U_27,IOS,Software Engineer,37,188,3,5,15
U_28,IOS,Marketer Manager,38,77,2,192,13
U_29,IOS,Software Engineer,41,337,18,21,44
U_30,IOS,Software Engineer,40,199,5,186,40
U_31,IOS,Marketer Manager,41,321,4,136,18
U_32,IOS,Software Engineer,40,119,17,97,3
U_33,IOS,Software Engineer,37,396,10,37,36
U_34,Android,Software Engineer,45,112,8,82,21
U_35,IOS,Software Engineer,41,63,0,86,44
U_36,IOS,Marketer Manager,39,108,0,163,40
U_37,IOS,Software Engineer,35,252,3,6,39
U_38,Android,Marketer Manager,43,233,15,197,25
U_39,Android,Software Engineer,40,180,20,127,3
U_40,IOS,Software Engineer,37,289,20,131,14
U_41,Android,Software Engineer,44,75,10,19,38
U_42,IOS,Software Engineer,43,51,10,21,9
U_43,Android,Marketer Manager,43,187,20,146,20
U_44,Android,Marketer Manager,42,215,10,157,31
U_45,Android,Marketer Manager,45,202,1,64,12
U_46,Android,Manager,37,206,11,150,1
U_47,Android,Software Engineer,38,295,1,47,23
U_48,Android,Software Engineer,37,43,19,16,38
U_49,Android,Marketer Manager,40,5,7,38,40
U_50,Android,Manager,37,167,10,33,27
U_51,Android,Software Engineer,36,78,9,166,22
U_52,Android,Marketer Manager,45,319,19,170,21
U_53,Android,Software Engineer,41,172,2,151,44
U_54,IOS,Software Engineer,41,485,13,40,24
U_55,IOS,Marketer Manager,39,402,14,41,40
U_56,IOS,Marketer Manager,35,215,1,120,10
U_57,Android,Software Engineer,37,104,20,46,27
U_58,Android,Software Engineer,39,363,7,194,24
U_59,Android,Marketer Manager,41,312,9,96,15
U_60,IOS,Software Engineer,38,39,14,80,32
U_61,Android,Software Engineer,40,260,10,159,19
U_62,Android,Marketer Manager,42,379,17,48,44
U_63,Android,Software Engineer,40,208,15,92,9
U_64,Android,Software Engineer,36,341,13,4,41
U_65,IOS,Manager,36,28,9,53,15
U_66,IOS,Marketer Manager,35,407,13,192,18
U_67,Android,Manager,44,498,16,176,18
U_68,IOS,Manager,42,21,6,38,43
U_69,IOS,Manager,36,474,8,112,7
U_70,IOS,Software Engineer,43,36,20,134,43
U_71,IOS,Software Engineer,45,461,20,156,6
U_72,Android,Manager,45,178,18,135,5
U_73,IOS,Manager,43,361,18,190,48
U_74,Android,Manager,43,24,15,31,3
U_75,IOS,Software Engineer,35,149,4,153,15
U_76,IOS,Manager,43,250,11,200,13
U_77,IOS,Manager,35,251,19,67,47
U_78,IOS,Marketer Manager,35,153,7,107,4
U_79,IOS,Marketer Manager,35,394,17,23,7
U_80,Android,Software Engineer,42,344,1,125,10
U_81,IOS,Marketer Manager,41,454,10,112,39
U_82,IOS,Marketer Manager,40,59,8,96,9
U_83,IOS,Marketer Manager,43,289,19,15,33
U_84,Android,Software Engineer,35,497,4,17,19
U_85,IOS,Marketer Manager,38,450,18,142,44
U_86,IOS,Software Engineer,42,74,20,197,12
U_87,Android,Manager,36,492,17,116,45
U_88,IOS,Marketer Manager,44,156,18,3,14
U_89,IOS,Software Engineer,36,335,10,33,25
U_90,Android,Marketer Manager,39,114,11,60,39
U_91,IOS,Manager,36,31,8,143,21
U_92,Android,Software Engineer,41,316,12,117,2
U_93,IOS,Software Engineer,38,189,19,111,25
U_94,IOS,Software Engineer,39,106,20,144,42
U_95,Android,Manager,42,227,3,53,13
U_96,Android,Manager,39,267,17,192,35
U_97,IOS,Manager,43,36,13,132,16
U_98,IOS,Software Engineer,44,9,14,117,48
U_99,Android,Manager,43,122,1,146,40
U_100,IOS,Marketer Manager,35,479,16,61,6
U_101,Android,Manager,42,82,13,137,8
U_102,Android,Software Engineer,41,17,18,133,11
U_103,Android,Marketer Manager,43,413,19,123,9
U_104,IOS,Manager,41,159,16,80,10
U_105,IOS,Marketer Manager,41,148,1,124,13
U_106,IOS,Marketer Manager,40,485,5,193,18
U_107,Android,Software Engineer,40,61,9,41,24
U_108,Android,Marketer Manager,40,325,6,6,41
U_109,IOS,Marketer Manager,44,391,0,117,17
U_110,IOS,Software Engineer,44,441,14,178,4
U_111,IOS,Software Engineer,44,405,13,108,21
U_112,Android,Software Engineer,36,175,18,167,40
U_113,IOS,Marketer Manager,36,419,6,94,35
U_114,Android,Marketer Manager,36,498,18,199,50
U_115,Android,Marketer Manager,42,457,16,124,29
U_116,Android,Software Engineer,44,42,16,96,19
U_117,IOS,Manager,38,280,9,154,8
U_118,IOS,Marketer Manager,42,10,18,99,30
U_119,Android,Manager,43,256,1,32,11
U_120,IOS,Software Engineer,44,41,1,101,30
U_121,IOS,Marketer Manager,43,319,20,5,45
U_122,IOS,Manager,38,50,8,168,12
U_123,Android,Marketer Manager,41,129,1,1,31
U_124,IOS,Marketer Manager,45,40,17,152,44
U_125,IOS,Marketer Manager,35,436,19,29,28
U_126,Android,Manager,35,275,18,4,27
U_127,Android,Software Engineer,36,464,5,17,22
U_128,Android,Marketer Manager,45,368,2,16,33
U_129,Android,Software Engineer,39,20,9,11,16
U_130,IOS,Software Engineer,43,137,4,35,1
U_131,Android,Manager,38,78,8,9,37
U_132,Android,Manager,39,382,6,48,33
U_133,Android,Software Engineer,43,49,15,11,49
U_134,IOS,Marketer Manager,40,396,20,143,8
U_135,IOS,Manager,36,218,17,157,33
U_136,Android,Marketer Manager,45,39,18,43,44
U_137,IOS,Marketer Manager,36,145,14,25,17
U_138,Android,Marketer Manager,45,295,2,167,42
U_139,IOS,Software Engineer,38,277,15,67,35
U_140,IOS,Marketer Manager,40,297,18,123,7
U_141,IOS,Software Engineer,36,253,18,50,43
U_142,Android,Software Engineer,44,332,10,50,39
U_143,Android,Marketer Manager,39,173,17,43,44
U_144,IOS,Marketer Manager,41,384,10,7,26
U_145,IOS,Marketer Manager,41,481,4,94,17
U_146,IOS,Marketer Manager,41,288,15,152,0
U_147,IOS,Software Engineer,44,447,2,171,25
U_148,Android,Marketer Manager,35,231,6,9,30
U_149,IOS,Marketer Manager,42,78,17,194,19
U_150,IOS,Software Engineer,42,346,3,64,35
U_151,IOS,Manager,35,417,20,55,6
U_152,Android,Manager,40,34,19,119,39
U_153,Android,Software Engineer,37,479,17,68,0
U_154,Android,Manager,42,134,9,128,30
U_155,IOS,Software Engineer,41,246,14,81,41
U_156,Android,Marketer Manager,42,105,4,144,5
U_157,Android,Marketer Manager,42,418,12,126,8
U_158,Android,Manager,38,296,1,154,49
U_159,Android,Marketer Manager,36,384,12,71,17
U_160,Android,Manager,44,426,2,14,47
U_161,Android,Manager,45,191,12,75,44
U_162,Android,Marketer Manager,40,369,6,94,13
U_163,IOS,Marketer Manager,36,389,1,200,11
U_164,IOS,Manager,43,489,0,115,33
U_165,Android,Marketer Manager,42,371,7,35,20
U_166,IOS,Software Engineer,45,50,20,95,42
U_167,Android,Marketer Manager,38,492,3,182,6
U_168,IOS,Marketer Manager,38,444,15,193,27
U_169,IOS,Software Engineer,35,145,10,155,47
U_170,IOS,Marketer Manager,43,377,1,130,18
U_171,Android,Marketer Manager,44,299,11,67,9
U_172,IOS,Manager,37,477,19,101,6
U_173,IOS,Marketer Manager,36,493,12,182,41
U_174,Android,Marketer Manager,36,33,2,22,50
U_175,IOS,Software Engineer,45,180,20,30,4
U_176,IOS,Manager,42,268,15,91,28
U_177,Android,Manager,38,220,14,196,6
U_178,IOS,Manager,43,391,1,141,13
U_179,IOS,Marketer Manager,35,90,10,90,9
U_180,IOS,Manager,44,219,13,106,39
U_181,IOS,Software Engineer,35,161,16,92,11
U_182,IOS,Manager,35,107,18,50,20
U_183,IOS,Software Engineer,42,370,20,188,10
U_184,IOS,Manager,36,25,8,48,37
U_185,IOS,Manager,38,193,4,20,47
U_186,IOS,Software Engineer,39,413,0,140,46
U_187,IOS,Manager,45,425,15,129,20
U_188,IOS,Manager,40,89,1,5,14
U_189,Android,Manager,43,97,6,86,43
U_190,IOS,Marketer Manager,35,175,4,147,12
U_191,Android,Software Engineer,40,26,2,47,16
U_192,IOS,Manager,43,272,7,1,28
U_193,IOS,Software Engineer,40,21,15,180,37
U_194,Android,Software Engineer,41,28,2,95,23
U_195,Android,Software Engineer,42,255,18,137,17
U_196,IOS,Manager,37,459,13,165,14
U_197,IOS,Manager,35,80,18,6,3
U_198,Android,Software Engineer,40,230,12,162,41
U_199,Android,Marketer Manager,40,27,6,77,26
U_200,Android,Software Engineer,37,141,0,165,13
U_201,IOS,Marketer Manager,37,284,16,9,35
U_202,IOS,Software Engineer,41,149,3,169,1
U_203,Android,Software Engineer,41,10,6,63,7
U_204,Android,Software Engineer,40,487,19,25,21
U_205,IOS,Manager,40,231,14,50,42
U_206,Android,Marketer Manager,37,245,5,107,41
U_207,Android,Marketer Manager,37,58,12,58,27
U_208,IOS,Software Engineer,43,436,1,8,16
U_209,Android,Manager,39,23,3,62,8
U_210,IOS,Manager,45,250,1,100,50
U_211,IOS,Marketer Manager,45,169,20,14,8
U_212,Android,Manager,35,150,8,86,32
U_213,Android,Marketer Manager,40,210,3,25,20
U_214,Android,Marketer Manager,43,213,9,87,43
U_215,IOS,Marketer Manager,39,492,2,83,42
U_216,IOS,Manager,42,299,19,12,34
U_217,IOS,Marketer Manager,40,491,0,124,21
U_218,IOS,Marketer Manager,35,410,5,182,48
U_219,IOS,Software Engineer,45,211,15,18,38
U_220,IOS,Marketer Manager,38,406,4,178,43
U_221,IOS,Marketer Manager,40,418,12,78,38
U_222,IOS,Software Engineer,43,143,0,12,13
U_223,Android,Software Engineer,42,461,11,141,7
U_224,IOS,Manager,43,81,8,9,15
U_225,IOS,Marketer Manager,41,143,2,141,14
U_226,IOS,Manager,43,296,16,194,15
U_227,IOS,Manager,44,222,13,14,42
U_228,Android,Software Engineer,42,170,17,4,28
U_229,IOS,Manager,44,29,20,172,31
U_230,IOS,Marketer Manager,41,234,11,120,37
U_231,IOS,Software Engineer,38,201,13,173,50
U_232,IOS,Marketer Manager,44,403,8,128,3
U_233,IOS,Marketer Manager,41,132,12,149,22
U_234,IOS,Software Engineer,44,218,0,107,5
U_235,IOS,Marketer Manager,43,434,10,87,47
U_236,IOS,Software Engineer,39,166,15,123,33
U_237,IOS,Marketer Manager,41,336,8,167,40
U_238,IOS,Software Engineer,35,99,8,42,41
U_239,Android,Manager,44,155,19,169,31
U_240,IOS,Marketer Manager,37,53,2,82,33
U_241,Android,Software Engineer,44,11,12,190,7
U_242,Android,Marketer Manager,43,324,8,151,49
U_243,Android,Marketer Manager,45,251,15,125,23
U_244,IOS,Marketer Manager,41,16,9,102,48
U_245,Android,Software Engineer,38,7,13,138,27
U_246,IOS,Manager,42,34,17,93,28
U_247,Android,Manager,40,496,0,121,24
U_248,IOS,Manager,45,400,1,101,50
U_249,Android,Software Engineer,39,403,10,105,3
U_250,Android,Manager,35,266,2,68,18
U_251,Android,Software Engineer,35,420,16,50,14
U_252,Android,Marketer Manager,38,249,19,158,35
U_253,IOS,Marketer Manager,40,423,13,115,45
U_254,Android,Manager,38,118,12,45,30
U_255,IOS,Software Engineer,37,388,2,153,37
U_256,IOS,Marketer Manager,45,20,0,76,26
U_257,IOS,Software Engineer,37,118,20,193,25
U_258,Android,Software Engineer,45,417,14,79,16
U_259,Android,Marketer Manager,41,83,12,78,16
U_260,IOS,Software Engineer,45,470,6,33,49
U_261,IOS,Marketer Manager,38,171,3,100,10
U_262,IOS,Marketer Manager,36,436,0,29,8
U_263,IOS,Marketer Manager,43,327,20,180,18
U_264,IOS,Software Engineer,42,141,0,22,3
U_265,Android,Marketer Manager,38,290,17,189,26
U_266,Android,Software Engineer,42,69,13,123,0
U_267,Android,Marketer Manager,43,253,12,151,39
U_268,Android,Marketer Manager,43,133,3,63,3
U_269,IOS,Manager,37,118,0,35,32
U_270,Android,Manager,39,156,17,55,24
U_271,IOS,Manager,36,14,12,11,29
U_272,IOS,Software Engineer,35,195,9,141,47
U_273,Android,Software Engineer,35,345,13,8,37
U_274,Android,Marketer Manager,39,419,0,103,2
U_275,IOS,Marketer Manager,41,126,15,78,28
U_276,IOS,Marketer Manager,37,219,10,188,15
U_277,Android,Marketer Manager,42,105,10,95,12
U_278,Android,Software Engineer,39,290,7,183,49
U_279,IOS,Marketer Manager,38,397,16,169,44
U_280,Android,Marketer Manager,42,300,15,6,50
U_281,Android,Manager,36,34,18,161,30
U_282,Android,Marketer Manager,44,161,8,192,7
U_283,IOS,Marketer Manager,43,7,12,189,43
U_284,Android,Marketer Manager,37,91,1,129,20
U_285,Android,Software Engineer,39,86,17,56,6
U_286,IOS,Manager,44,398,20,56,18
U_287,IOS,Marketer Manager,44,342,18,82,26
U_288,IOS,Marketer Manager,39,7,16,61,0
U_289,IOS,Manager,37,100,4,70,37
U_290,Android,Marketer Manager,38,325,14,98,31
U_291,Android,Software Engineer,42,216,4,146,38
U_292,IOS,Marketer Manager,37,320,6,131,47
U_293,IOS,Software Engineer,44,264,18,124,28
U_294,IOS,Software Engineer,41,269,10,121,14
U_295,IOS,Marketer Manager,42,32,14,152,1
U_296,IOS,Manager,41,452,3,70,34
U_297,IOS,Software Engineer,42,136,11,60,0
U_298,Android,Manager,43,68,3,33,15
U_299,IOS,Marketer Manager,35,344,1,173,20
U_300,IOS,Software Engineer,39,437,15,38,4
U_301,IOS,Marketer Manager,44,396,3,48,2
U_302,IOS,Manager,36,67,20,69,4
U_303,Android,Marketer Manager,35,492,16,186,42
U_304,Android,Marketer Manager,36,317,8,108,1
U_305,Android,Software Engineer,38,302,11,133,36
U_306,IOS,Marketer Manager,44,387,10,198,32
U_307,Android,Marketer Manager,35,299,18,35,10
U_308,IOS,Marketer Manager,35,492,0,109,8
U_309,Android,Software Engineer,39,256,16,63,20
U_310,IOS,Manager,36,248,11,79,40
U_311,IOS,Manager,37,334,16,180,25
U_312,IOS,Marketer Manager,44,421,18,43,11
U_313,Android,Software Engineer,44,296,16,165,33
U_314,Android,Marketer Manager,35,73,19,42,22
U_315,IOS,Manager,42,52,10,11,0
U_316,Android,Software Engineer,37,239,13,110,20
U_317,Android,Manager,41,477,14,89,47
U_318,IOS,Manager,39,359,2,60,16
U_319,Android,Software Engineer,36,135,0,194,22
U_320,IOS,Software Engineer,42,443,0,93,37
U_321,Android,Marketer Manager,40,440,5,185,47
U_322,IOS,Marketer Manager,38,336,4,89,5
U_323,IOS,Manager,39,15,3,135,33
U_324,IOS,Software Engineer,37,92,7,150,32
U_325,Android,Software Engineer,35,85,11,180,14
U_326,Android,Marketer Manager,45,368,0,11,30
U_327,IOS,Manager,44,69,8,160,45
U_328,Android,Manager,43,415,0,184,17
U_329,IOS,Marketer Manager,37,167,6,174,45
U_330,Android,Software Engineer,41,298,15,26,25
U_331,IOS,Marketer Manager,40,240,18,39,20
U_332,Android,Marketer Manager,43,406,11,182,19
U_333,Android,Marketer Manager,39,118,4,112,12
U_334,IOS,Marketer Manager,43,363,11,115,27
U_335,Android,Software Engineer,35,274,4,67,42
U_336,IOS,Marketer Manager,38,169,11,48,19
U_337,Android,Software Engineer,45,335,4,38,42
U_338,Android,Marketer Manager,35,264,1,42,19
U_339,Android,Manager,35,446,8,131,21
U_340,Android,Software Engineer,41,374,19,63,12
U_341,IOS,Manager,37,58,17,32,11
U_342,IOS,Marketer Manager,40,95,7,18,39
U_343,Android,Marketer Manager,44,387,18,183,34
U_344,IOS,Marketer Manager,41,415,16,149,45
U_345,IOS,Software Engineer,41,404,8,55,1
U_346,Android,Manager,39,24,10,88,44
U_347,Android,Software Engineer,43,166,3,139,47
U_348,IOS,Software Engineer,39,128,14,79,21
U_349,IOS,Marketer Manager,37,37,5,91,10
U_350,Android,Manager,38,212,2,165,34
U_351,IOS,Marketer Manager,42,295,4,100,45
U_352,IOS,Software Engineer,39,236,5,177,12
U_353,IOS,Marketer Manager,36,233,6,51,33
U_354,IOS,Manager,37,354,9,35,45
U_355,Android,Marketer Manager,42,486,4,9,8
U_356,IOS,Manager,35,99,7,102,8
U_357,IOS,Manager,42,200,6,71,18
U_358,IOS,Marketer Manager,39,170,5,21,44
U_359,Android,Software Engineer,36,138,8,30,2
U_360,Android,Marketer Manager,41,20,4,13,26
U_361,Android,Software Engineer,39,116,18,16,38
U_362,IOS,Software Engineer,38,340,8,59,14
U_363,Android,Marketer Manager,45,241,17,42,48
U_364,IOS,Software Engineer,45,332,6,40,33
U_365,IOS,Software Engineer,44,295,1,99,2
U_366,IOS,Marketer Manager,38,293,19,95,33
U_367,IOS,Marketer Manager,44,256,0,2,37
U_368,Android,Marketer Manager,36,460,8,27,20
U_369,IOS,Software Engineer,45,416,19,169,47
U_370,Android,Manager,36,126,2,115,48
U_371,Android,Software Engineer,35,27,1,56,3
U_372,Android,Manager,42,403,9,115,35
U_373,Android,Marketer Manager,38,153,1,14,10
U_374,IOS,Manager,35,231,14,177,35
U_375,IOS,Marketer Manager,36,440,11,73,22
U_376,IOS,Marketer Manager,35,232,14,130,48
U_377,Android,Manager,36,25,4,76,47
U_378,IOS,Marketer Manager,45,159,3,112,37
U_379,IOS,Manager,42,228,18,88,7
U_380,IOS,Marketer Manager,45,47,2,179,41
U_381,IOS,Software Engineer,35,295,7,125,32
U_382,Android,Software Engineer,35,483,16,48,42
U_383,IOS,Marketer Manager,45,30,5,12,17
U_384,IOS,Marketer Manager,44,389,2,3,16
U_385,IOS,Manager,42,243,19,177,15
U_386,Android,Software Engineer,45,500,3,89,4
U_387,IOS,Manager,45,135,18,146,1
U_388,IOS,Marketer Manager,38,75,9,32,0
U_389,IOS,Marketer Manager,40,84,19,18,43
U_390,IOS,Manager,40,364,19,121,16
U_391,Android,Marketer Manager,35,72,0,19,0
U_392,Android,Software Engineer,35,282,4,87,16
U_393,Android,Manager,40,391,15,76,28
U_394,Android,Software Engineer,39,46,12,30,47
U_395,Android,Software Engineer,43,193,19,75,13
U_396,IOS,Software Engineer,35,479,20,15,35
U_397,Android,Manager,43,248,15,42,5
U_398,IOS,Marketer Manager,42,303,9,48,14
U_399,Android,Software Engineer,36,438,11,10,20
U_400,Android,Software Engineer,42,76,15,147,23
U_401,IOS,Software Engineer,45,189,7,46,40
U_402,IOS,Marketer Manager,44,197,5,59,10
U_403,IOS,Marketer Manager,36,223,3,70,24
U_404,Android,Manager,39,76,2,17,7
U_405,Android,Marketer Manager,42,198,18,151,24
U_406,Android,Manager,44,431,14,0,32
U_407,Android,Manager,37,201,8,152,12
U_408,IOS,Manager,44,361,14,4,42
U_409,Android,Manager,44,88,4,49,19
U_410,IOS,Manager,44,237,11,43,22
U_411,IOS,Software Engineer,36,48,5,55,32
U_412,IOS,Marketer Manager,41,403,2,79,29
U_413,Android,Software Engineer,37,127,15,195,30
U_414,IOS,Manager,42,177,17,27,40
U_415,IOS,Marketer Manager,44,305,18,194,12
U_416,IOS,Software Engineer,35,176,7,156,22
U_417,Android,Software Engineer,37,84,9,69,5
U_418,IOS,Manager,38,401,9,154,12
U_419,IOS,Software Engineer,45,351,14,22,2
U_420,IOS,Software Engineer,38,298,0,0,31
U_421,Android,Software Engineer,39,254,0,31,1
U_422,Android,Software Engineer,38,108,7,68,44
U_423,Android,Software Engineer,43,210,16,159,20
U_424,Android,Manager,44,201,15,69,46
U_425,IOS,Manager,40,307,12,75,21
U_426,IOS,Software Engineer,38,315,2,51,2
U_427,IOS,Manager,39,17,20,35,24
U_428,Android,Manager,45,380,13,28,6
U_429,IOS,Marketer Manager,35,277,7,6,4
U_430,IOS,Software Engineer,44,184,12,111,2
U_431,IOS,Manager,43,483,17,146,18
U_432,IOS,Manager,35,356,5,18,41
U_433,IOS,Software Engineer,42,276,10,173,22
U_434,IOS,Marketer Manager,43,29,20,193,23
U_435,Android,Software Engineer,41,214,18,93,25
U_436,IOS,Marketer Manager,37,487,20,63,21
U_437,IOS,Software Engineer,38,94,0,154,15
U_438,IOS,Software Engineer,42,17,19,108,47
U_439,IOS,Software Engineer,35,85,18,68,45
U_440,IOS,Software Engineer,42,327,3,108,28
U_441,IOS,Marketer Manager,40,77,5,110,38
U_442,IOS,Marketer Manager,35,491,19,34,20
U_443,IOS,Manager,43,287,1,68,20
U_444,IOS,Software Engineer,41,426,16,16,38
U_445,Android,Marketer Manager,38,254,0,35,41
U_446,IOS,Marketer Manager,45,461,12,110,35
U_447,IOS,Marketer Manager,44,88,7,77,34
U_448,Android,Software Engineer,41,400,8,127,46
U_449,IOS,Manager,44,470,12,160,39
U_450,IOS,Marketer Manager,41,246,13,151,23
U_451,Android,Software Engineer,43,72,10,61,8
U_452,IOS,Marketer Manager,42,16,6,135,1
U_453,IOS,Marketer Manager,37,456,11,61,12
U_454,Android,Manager,36,42,20,120,27
U_455,IOS,Marketer Manager,37,463,2,176,49
U_456,Android,Marketer Manager,42,225,11,100,24
U_457,Android,Software Engineer,42,362,0,105,38
U_458,IOS,Software Engineer,36,284,1,37,4
U_459,IOS,Manager,37,133,19,34,37
U_460,Android,Software Engineer,42,68,8,123,17
U_461,IOS,Software Engineer,36,270,10,40,23
U_462,IOS,Manager,45,476,14,77,27
U_463,IOS,Marketer Manager,42,333,1,198,3
U_464,IOS,Manager,36,484,19,104,25
U_465,IOS,Software Engineer,42,298,5,156,7
U_466,IOS,Manager,39,81,18,2,49
U_467,Android,Marketer Manager,44,395,14,116,35
U_468,IOS,Manager,41,275,1,62,38
U_469,IOS,Software Engineer,40,435,8,161,14
U_470,Android,Software Engineer,40,216,18,191,15
U_471,IOS,Manager,44,22,9,82,14
U_472,Android,Marketer Manager,45,448,7,12,28
U_473,Android,Manager,43,458,20,94,0
U_474,Android,Marketer Manager,36,222,17,28,47
U_475,IOS,Marketer Manager,43,80,15,122,18
U_476,IOS,Manager,42,437,14,196,20
U_477,IOS,Marketer Manager,39,469,11,180,2
U_478,Android,Software Engineer,35,239,12,125,36
U_479,Android,Manager,40,477,11,187,22
U_480,Android,Marketer Manager,35,342,7,190,16
U_481,IOS,Software Engineer,41,124,11,164,7
U_482,Android,Manager,44,80,8,165,37
U_483,IOS,Software Engineer,45,265,6,73,34
U_484,IOS,Software Engineer,44,325,18,76,32
U_485,IOS,Software Engineer,41,149,18,90,28
U_486,Android,Marketer Manager,38,489,7,172,28
U_487,IOS,Manager,39,274,18,48,45
U_488,Android,Manager,35,30,11,139,2
U_489,IOS,Marketer Manager,45,284,16,4,22
U_490,IOS,Manager,38,337,9,8,37
U_491,IOS,Software Engineer,40,366,13,2,39
U_492,IOS,Manager,38,353,8,24,9
U_493,Android,Marketer Manager,45,495,19,96,40
U_494,IOS,Software Engineer,45,388,6,125,14
U_495,IOS,Marketer Manager,35,468,8,193,33
U_496,IOS,Software Engineer,36,130,13,93,39
U_497,IOS,Software Engineer,39,84,1,178,26
U_498,IOS,Manager,36,322,12,53,45
U_499,IOS,Software Engineer,44,194,15,42,43
U_500,Android,Marketer Manager,43,384,3,130,10
U_501,Android,Manager,44,292,15,96,48
U_502,IOS,Marketer Manager,38,243,1,55,29
U_503,IOS,Software Engineer,43,130,10,11,36
U_504,Android,Marketer Manager,43,10,0,191,36
U_505,IOS,Marketer Manager,42,309,6,108,5
U_506,Android,Software Engineer,35,438,15,83,2
U_507,IOS,Manager,36,206,6,163,23
U_508,IOS,Marketer Manager,41,113,6,95,31
U_509,Android,Software Engineer,39,324,16,125,45
U_510,Android,Manager,38,301,9,16,26
U_511,Android,Manager,44,367,19,172,24
U_512,IOS,Manager,38,283,1,177,21
U_513,Android,Marketer Manager,41,61,2,18,12
U_514,IOS,Marketer Manager,42,156,16,122,34
U_515,Android,Marketer Manager,45,213,15,105,22
U_516,IOS,Manager,42,237,7,176,16
U_517,IOS,Marketer Manager,45,408,17,19,0
U_518,Android,Software Engineer,38,419,5,194,46
U_519,Android,Marketer Manager,42,96,3,65,10
U_520,IOS,Marketer Manager,42,98,17,48,15
U_521,IOS,Manager,35,48,18,120,35
U_522,Android,Marketer Manager,35,185,18,165,16
U_523,IOS,Software Engineer,40,20,19,126,3
U_524,Android,Manager,44,260,16,38,11
U_525,Android,Software Engineer,36,292,2,121,7
U_526,Android,Manager,41,246,4,171,31
U_527,IOS,Manager,40,365,9,1,3
U_528,IOS,Marketer Manager,39,242,7,35,22
U_529,Android,Software Engineer,35,205,3,140,14
U_530,IOS,Manager,36,454,2,50,34
U_531,IOS,Marketer Manager,39,47,11,18,10
U_532,Android,Manager,43,294,9,148,21
U_533,IOS,Manager,35,350,0,92,26
U_534,Android,Manager,35,106,11,72,14
U_535,IOS,Manager,37,89,16,106,47
U_536,IOS,Manager,44,259,12,144,28
U_537,IOS,Manager,40,435,19,11,23
U_538,Android,Marketer Manager,44,211,7,51,19
U_539,IOS,Manager,43,423,18,3,43
U_540,Android,Software Engineer,38,424,12,63,23
U_541,Android,Marketer Manager,39,76,1,85,32
U_542,Android,Software Engineer,43,489,9,148,30
U_543,IOS,Manager,42,328,7,16,30
U_544,Android,Software Engineer,36,294,10,139,5
U_545,Android,Manager,38,238,19,170,27
U_546,Android,Manager,42,269,10,36,10
U_547,Android,Marketer Manager,45,79,17,189,43
U_548,IOS,Marketer Manager,37,129,0,113,2
U_549,IOS,Manager,35,201,11,100,34
U_550,Android,Marketer Manager,39,127,19,116,0
U_551,IOS,Software Engineer,42,115,14,15,14
U_552,Android,Marketer Manager,41,25,11,50,33
U_553,Android,Marketer Manager,44,8,15,0,17
U_554,IOS,Software Engineer,37,227,3,191,42
U_555,IOS,Marketer Manager,42,378,7,53,12
U_556,Android,Manager,44,91,6,55,46
U_557,IOS,Software Engineer,44,194,16,91,38
U_558,Android,Manager,35,435,12,187,25
U_559,Android,Software Engineer,44,169,1,158,49
U_560,IOS,Manager,44,467,11,23,27
U_561,Android,Manager,38,263,0,117,42
U_562,IOS,Marketer Manager,36,40,16,74,47
U_563,IOS,Manager,35,310,1,47,41
U_564,Android,Marketer Manager,43,174,1,53,46
U_565,IOS,Software Engineer,44,388,5,157,21
U_566,IOS,Manager,43,93,20,136,4
U_567,Android,Manager,43,322,8,124,10
U_568,Android,Software Engineer,39,401,2,164,28
U_569,Android,Software Engineer,36,189,19,117,28
U_570,Android,Manager,40,130,11,141,0
U_571,Android,Software Engineer,41,287,13,130,3
U_572,IOS,Marketer Manager,43,21,5,54,4
U_573,Android,Software Engineer,43,444,4,79,47
U_574,Android,Software Engineer,35,261,4,97,2
U_575,IOS,Manager,42,36,15,166,39
U_576,Android,Marketer Manager,41,46,6,58,11
U_577,Android,Software Engineer,41,212,19,115,2
U_578,Android,Marketer Manager,45,242,9,55,24
U_579,IOS,Marketer Manager,44,236,3,78,12
U_580,IOS,Marketer Manager,45,297,3,79,39
U_581,Android,Manager,39,408,18,71,25
U_582,Android,Software Engineer,45,402,17,19,40
U_583,IOS,Manager,41,455,5,146,19
U_584,IOS,Software Engineer,40,46,13,34,16
U_585,IOS,Software Engineer,43,377,7,188,4
U_586,Android,Manager,35,81,12,78,12
U_587,IOS,Marketer Manager,43,19,4,10,13
U_588,IOS,Marketer Manager,39,239,13,92,35
U_589,Android,Software Engineer,39,456,10,34,8
U_590,Android,Manager,39,308,10,40,30
U_591,IOS,Marketer Manager,38,414,12,53,25
U_592,IOS,Marketer Manager,43,224,8,90,43
U_593,Android,Software Engineer,36,427,11,113,29
U_594,IOS,Software Engineer,41,288,18,17,26
U_595,IOS,Manager,45,477,5,58,47
U_596,Android,Software Engineer,41,210,5,32,32
U_597,Android,Marketer Manager,41,252,6,63,0
U_598,Android,Marketer Manager,36,157,15,136,4
U_599,IOS,Marketer Manager,38,410,6,164,15
U_600,IOS,Marketer Manager,36,39,18,130,38
U_601,IOS,Manager,37,264,3,77,23
U_602,IOS,Manager,42,402,9,8,47
U_603,IOS,Software Engineer,45,24,0,193,38
U_604,IOS,Software Engineer,35,235,11,195,11
U_605,Android,Software Engineer,40,288,11,189,47
U_606,Android,Manager,42,274,10,150,43
U_607,IOS,Marketer Manager,40,399,18,48,24
U_608,Android,Software Engineer,35,479,15,51,8
U_609,IOS,Marketer Manager,44,449,13,170,36
U_610,Android,Software Engineer,42,130,15,32,9
U_611,IOS,Software Engineer,42,300,15,102,4
U_612,IOS,Software Engineer,41,112,20,179,39
U_613,IOS,Software Engineer,41,246,12,64,44
U_614,Android,Software Engineer,38,109,16,165,36
U_615,IOS,Marketer Manager,42,156,10,14,9
U_616,IOS,Software Engineer,40,317,11,83,26
U_617,IOS,Marketer Manager,35,264,18,23,27
U_618,IOS,Manager,41,296,1,114,2
U_619,Android,Software Engineer,45,151,4,185,16
U_620,IOS,Marketer Manager,39,155,2,173,12
U_621,IOS,Manager,38,464,5,73,35
U_622,Android,Manager,40,17,13,33,41
U_623,Android,Manager,35,93,2,25,45
U_624,Android,Marketer Manager,37,65,9,35,21
U_625,IOS,Software Engineer,37,295,9,56,15
U_626,Android,Software Engineer,40,305,2,114,20
U_627,IOS,Marketer Manager,44,233,18,172,12
U_628,IOS,Software Engineer,44,115,12,6,36
U_629,Android,Marketer Manager,44,280,20,104,46
U_630,IOS,Software Engineer,40,351,19,149,0
U_631,IOS,Manager,36,17,10,89,31
U_632,Android,Software Engineer,43,228,10,50,26
U_633,IOS,Marketer Manager,36,301,16,162,23
U_634,IOS,Marketer Manager,45,383,18,46,19
U_635,Android,Manager,35,211,13,98,4
U_636,Android,Marketer Manager,45,377,3,135,49
U_637,Android,Software Engineer,40,321,16,47,12
U_638,IOS,Software Engineer,43,194,12,63,19
U_639,Android,Manager,44,45,6,85,0
U_640,IOS,Marketer Manager,37,276,11,75,27
U_641,IOS,Manager,37,220,9,20,23
U_642,Android,Software Engineer,39,433,9,19,11
U_643,IOS,Manager,38,262,14,51,48
U_644,Android,Marketer Manager,39,420,17,117,47
U_645,Android,Manager,39,71,9,110,39
U_646,Android,Marketer Manager,40,148,4,84,44
U_647,IOS,Marketer Manager,40,23,8,52,2
U_648,IOS,Software Engineer,35,204,5,79,23
U_649,IOS,Software Engineer,40,167,14,72,9
U_650,IOS,Software Engineer,37,142,19,121,10
U_651,Android,Marketer Manager,39,476,15,126,20
U_652,Android,Manager,43,462,4,159,47
U_653,Android,Marketer Manager,38,315,3,37,11
U_654,IOS,Software Engineer,41,161,14,85,20
U_655,IOS,Software Engineer,38,384,7,63,32
U_656,Android,Manager,44,59,9,22,3
U_657,Android,Software Engineer,43,318,3,132,22
U_658,IOS,Software Engineer,44,90,9,132,25
U_659,IOS,Software Engineer,42,52,7,156,41
U_660,IOS,Manager,41,159,15,58,30
U_661,Android,Marketer Manager,39,424,9,97,12
U_662,Android,Software Engineer,37,405,15,147,25
U_663,Android,Manager,36,227,8,40,10
U_664,Android,Software Engineer,41,212,17,85,6
U_665,Android,Manager,41,44,13,53,5
U_666,IOS,Software Engineer,39,435,20,37,34
U_667,IOS,Manager,42,67,2,114,34
U_668,Android,Software Engineer,43,412,10,185,43
U_669,IOS,Marketer Manager,35,76,12,108,47
U_670,IOS,Software Engineer,40,192,11,44,34
U_671,Android,Manager,36,186,16,190,21
U_672,IOS,Software Engineer,45,299,1,120,17
U_673,Android,Marketer Manager,36,52,12,191,11
U_674,IOS,Software Engineer,35,383,16,101,1
U_675,Android,Manager,45,486,7,192,9
U_676,Android,Manager,38,243,18,165,0
U_677,Android,Marketer Manager,42,491,9,49,42
U_678,IOS,Manager,35,395,6,87,33
U_679,Android,Software Engineer,36,127,18,19,24
U_680,IOS,Software Engineer,39,67,6,9,50
U_681,Android,Software Engineer,39,337,7,132,11
U_682,Android,Manager,40,305,10,139,47
U_683,IOS,Software Engineer,44,383,16,160,50
U_684,IOS,Software Engineer,37,481,6,61,49
U_685,Android,Software Engineer,37,451,16,120,43
U_686,IOS,Marketer Manager,35,160,20,182,17
U_687,IOS,Manager,35,8,15,139,0
U_688,Android,Manager,41,179,18,33,1
U_689,IOS,Manager,44,139,3,55,45
U_690,IOS,Marketer Manager,41,317,19,138,35
U_691,IOS,Manager,35,98,19,82,48
U_692,Android,Marketer Manager,42,233,0,173,16
U_693,Android,Marketer Manager,42,435,6,128,23
U_694,IOS,Manager,38,453,2,78,39
U_695,Android,Software Engineer,40,176,13,88,3
U_696,Android,Software Engineer,39,374,8,124,20
U_697,Android,Manager,39,253,2,71,32
U_698,Android,Manager,37,179,12,12,49
U_699,Android,Marketer Manager,38,154,15,158,37
U_700,IOS,Manager,37,281,8,43,17
U_701,IOS,Marketer Manager,36,251,2,104,17
U_702,IOS,Manager,39,89,3,123,48
U_703,Android,Software Engineer,38,436,10,115,22
U_704,Android,Software Engineer,40,75,2,98,6
U_705,IOS,Manager,36,161,14,133,30
U_706,Android,Marketer Manager,35,67,17,61,32
U_707,Android,Software Engineer,45,18,16,37,41
U_708,IOS,Marketer Manager,42,442,4,78,1
U_709,Android,Manager,43,306,19,65,9
U_710,Android,Manager,40,401,13,38,21
U_711,IOS,Software Engineer,40,331,10,154,9
U_712,IOS,Manager,40,126,0,26,36
U_713,IOS,Software Engineer,35,288,3,110,8
U_714,Android,Marketer Manager,40,188,10,142,1
U_715,Android,Software Engineer,35,338,12,192,46
U_716,Android,Software Engineer,44,466,19,142,43
U_717,IOS,Marketer Manager,43,26,7,179,11
U_718,Android,Software Engineer,42,313,4,20,22
U_719,IOS,Software Engineer,37,39,5,184,2
U_720,IOS,Manager,43,14,20,98,33
U_721,IOS,Marketer Manager,42,317,4,37,29
U_722,IOS,Software Engineer,45,213,15,25,26
U_723,Android,Marketer Manager,42,417,12,191,9
U_724,Android,Marketer Manager,35,222,6,132,47
U_725,IOS,Software Engineer,43,186,8,96,1
U_726,IOS,Manager,40,313,8,195,40
U_727,IOS,Marketer Manager,39,447,9,48,46
U_728,IOS,Software Engineer,40,5,4,70,45
U_729,IOS,Marketer Manager,40,391,10,21,39
U_730,IOS,Manager,35,242,3,111,39
U_731,IOS,Manager,43,487,8,14,14
U_732,Android,Manager,39,490,12,106,17
U_733,Android,Software Engineer,45,27,17,139,13
U_734,IOS,Software Engineer,42,391,15,67,36
U_735,Android,Manager,37,99,3,106,22
U_736,Android,Software Engineer,44,386,8,111,20
U_737,IOS,Manager,36,359,17,168,10
U_738,IOS,Software Engineer,35,362,9,138,24
U_739,Android,Manager,38,368,5,100,5
U_740,IOS,Marketer Manager,44,239,10,82,13
U_741,IOS,Manager,35,87,3,23,41
U_742,IOS,Manager,45,13,13,134,47
U_743,IOS,Software Engineer,37,353,19,120,5
U_744,IOS,Software Engineer,39,369,7,121,7
U_745,IOS,Software Engineer,40,105,9,99,18
U_746,IOS,Software Engineer,38,40,14,63,4
U_747,IOS,Software Engineer,43,33,5,104,36
U_748,Android,Software Engineer,40,372,3,155,25
U_749,IOS,Marketer Manager,43,12,7,124,9
U_750,IOS,Manager,35,421,14,95,42
U_751,Android,Manager,45,130,20,33,9
U_752,IOS,Manager,38,74,3,158,2
U_753,Android,Marketer Manager,44,323,7,166,31
U_754,IOS,Manager,45,388,20,121,50
U_755,Android,Marketer Manager,45,192,16,18,21
U_756,Android,Marketer Manager,44,218,20,174,31
U_757,IOS,Marketer Manager,37,449,12,1,30
U_758,IOS,Manager,37,496,3,157,9
U_759,Android,Marketer Manager,42,99,1,91,18
U_760,IOS,Manager,35,408,15,97,30
U_761,IOS,Manager,40,10,4,129,36
U_762,Android,Software Engineer,36,154,17,2,50
U_763,IOS,Software Engineer,44,300,15,115,30
U_764,IOS,Marketer Manager,37,117,0,94,12
U_765,IOS,Marketer Manager,35,301,3,15,9
U_766,IOS,Manager,38,246,13,182,28
U_767,IOS,Marketer Manager,42,68,10,135,35
U_768,IOS,Marketer Manager,42,393,16,1,35
U_769,IOS,Manager,39,331,15,107,15
U_770,Android,Marketer Manager,38,176,10,56,6
U_771,IOS,Marketer Manager,35,457,7,73,15
U_772,IOS,Manager,44,81,14,199,16
U_773,Android,Manager,38,332,7,81,17
U_774,IOS,Software Engineer,42,385,9,10,25
U_775,IOS,Manager,45,337,16,48,42
U_776,Android,Software Engineer,45,328,15,89,29
U_777,IOS,Marketer Manager,36,101,6,132,10
U_778,Android,Manager,44,176,6,121,2
U_779,Android,Manager,45,468,12,53,47
U_780,Android,Manager,36,388,9,61,20
U_781,IOS,Marketer Manager,43,451,20,67,7
U_782,IOS,Software Engineer,37,6,16,151,22
U_783,Android,Marketer Manager,35,374,20,36,26
U_784,Android,Marketer Manager,38,84,19,28,31
U_785,Android,Manager,36,129,6,144,9
U_786,IOS,Software Engineer,44,192,4,160,44
U_787,IOS,Marketer Manager,43,282,18,165,35
U_788,Android,Manager,35,400,19,195,22
U_789,Android,Marketer Manager,43,67,10,162,36
U_790,Android,Marketer Manager,35,183,16,50,8
U_791,Android,Manager,36,413,2,30,40
U_792,Android,Manager,37,303,2,120,9
U_793,Android,Software Engineer,36,94,0,16,19
U_794,Android,Marketer Manager,38,492,3,184,50
U_795,IOS,Manager,43,442,7,118,32
U_796,Android,Manager,37,83,9,104,15
U_797,IOS,Software Engineer,39,279,18,175,7
U_798,Android,Software Engineer,36,84,16,144,33
U_799,Android,Manager,40,285,5,114,38
U_800,Android,Software Engineer,39,254,14,140,8
U_801,IOS,Manager,38,193,14,168,19
U_802,IOS,Marketer Manager,36,354,16,11,0
U_803,IOS,Software Engineer,43,449,20,51,45
U_804,IOS,Marketer Manager,45,63,5,181,15
U_805,Android,Marketer Manager,35,314,13,118,37
U_806,IOS,Marketer Manager,43,475,5,63,10
U_807,IOS,Manager,44,435,3,15,5
U_808,Android,Marketer Manager,43,220,3,106,50
U_809,Android,Marketer Manager,41,273,1,145,19
U_810,IOS,Marketer Manager,37,204,20,36,3
U_811,Android,Manager,44,157,18,112,23
U_812,IOS,Marketer Manager,37,101,12,163,10
U_813,IOS,Marketer Manager,36,292,1,17,26
U_814,IOS,Software Engineer,42,317,14,102,2
U_815,IOS,Manager,39,47,11,87,37
U_816,Android,Marketer Manager,36,330,19,138,45
U_817,IOS,Software Engineer,42,311,17,9,46
U_818,IOS,Manager,43,196,16,92,25
U_819,IOS,Manager,41,56,7,61,24
U_820,IOS,Manager,39,405,18,117,29
U_821,IOS,Manager,37,91,20,95,45
U_822,IOS,Manager,41,331,11,75,17
U_823,Android,Manager,44,101,14,76,34
U_824,IOS,Marketer Manager,37,238,11,158,6
U_825,Android,Marketer Manager,44,99,12,85,18
U_826,IOS,Marketer Manager,40,169,20,17,50
U_827,IOS,Marketer Manager,44,266,4,100,43
U_828,IOS,Software Engineer,37,398,3,12,7
U_829,IOS,Marketer Manager,43,491,8,34,10
U_830,IOS,Manager,42,304,20,1,4
U_831,IOS,Marketer Manager,42,431,7,41,46
U_832,IOS,Marketer Manager,37,109,8,89,4
U_833,IOS,Manager,41,127,17,50,9
U_834,Android,Marketer Manager,35,426,5,21,2
U_835,Android,Marketer Manager,37,257,18,30,18
U_836,Android,Marketer Manager,45,43,12,86,38
U_837,IOS,Software Engineer,44,226,17,76,5
U_838,IOS,Marketer Manager,39,363,11,3,50
U_839,Android,Manager,42,33,18,178,2
U_840,IOS,Manager,38,45,8,69,7
U_841,IOS,Marketer Manager,45,336,17,123,22
U_842,IOS,Marketer Manager,37,405,14,151,20
U_843,IOS,Marketer Manager,36,371,6,11,3
U_844,Android,Manager,36,414,8,23,7
U_845,IOS,Manager,39,498,12,6,11
U_846,IOS,Software Engineer,35,201,0,123,19
U_847,IOS,Software Engineer,37,339,19,43,4
U_848,IOS,Software Engineer,35,125,7,128,20
U_849,Android,Manager,38,457,2,131,32
U_850,Android,Software Engineer,41,171,19,66,5
U_851,IOS,Marketer Manager,43,339,14,160,27
U_852,Android,Marketer Manager,43,130,10,22,46
U_853,IOS,Manager,43,142,11,163,37
U_854,IOS,Software Engineer,43,32,12,7,18
U_855,Android,Marketer Manager,40,474,1,82,35
U_856,IOS,Manager,41,104,5,46,4
U_857,Android,Software Engineer,38,426,2,34,38
U_858,Android,Marketer Manager,37,56,15,154,32
U_859,Android,Software Engineer,44,300,7,78,44
U_860,IOS,Manager,39,423,14,116,44
U_861,Android,Software Engineer,44,53,14,191,25
U_862,IOS,Manager,45,483,3,159,26
U_863,Android,Software Engineer,38,246,17,98,35
U_864,IOS,Marketer Manager,44,48,13,6,20
U_865,IOS,Manager,40,325,3,84,22
U_866,Android,Manager,35,483,16,27,10
U_867,IOS,Manager,36,366,0,13,26
U_868,Android,Software Engineer,45,40,2,69,5
U_869,Android,Software Engineer,42,47,13,97,9
U_870,Android,Marketer Manager,45,115,10,97,49
U_871,IOS,Manager,35,265,10,28,0
U_872,IOS,Manager,41,6,9,66,30
U_873,Android,Software Engineer,40,197,0,133,42
U_874,IOS,Software Engineer,39,97,4,14,28
U_875,IOS,Marketer Manager,37,263,11,193,20
U_876,IOS,Marketer Manager,45,285,9,195,13
U_877,IOS,Software Engineer,40,148,17,169,49
U_878,IOS,Manager,37,445,7,150,37
U_879,IOS,Marketer Manager,38,238,5,4,15
U_880,IOS,Software Engineer,42,123,18,75,45
U_881,IOS,Software Engineer,44,261,4,15,16
U_882,IOS,Manager,45,389,8,171,4
U_883,IOS,Software Engineer,35,232,10,199,23
U_884,IOS,Software Engineer,42,167,2,27,41
U_885,IOS,Marketer Manager,44,11,9,44,39
U_886,IOS,Software Engineer,38,315,13,128,9
U_887,IOS,Software Engineer,45,447,14,172,21
U_888,IOS,Marketer Manager,41,423,13,92,45
U_889,IOS,Manager,35,399,11,50,35
U_890,Android,Manager,36,442,6,179,6
U_891,IOS,Marketer Manager,40,417,10,87,20
U_892,Android,Marketer Manager,37,80,8,85,34
U_893,IOS,Manager,38,39,15,173,37
U_894,IOS,Manager,36,111,17,161,12
U_895,Android,Manager,44,468,8,17,9
U_896,IOS,Manager,38,76,10,10,4
U_897,IOS,Manager,44,241,8,74,46
U_898,Android,Marketer Manager,43,103,13,132,29
U_899,IOS,Software Engineer,37,305,16,19,13
U_900,IOS,Manager,38,357,10,195,3
U_901,IOS,Manager,36,457,8,189,42
U_902,IOS,Software Engineer,38,51,3,102,5
U_903,IOS,Software Engineer,44,157,4,8,22
U_904,IOS,Software Engineer,36,405,20,10,0
U_905,IOS,Software Engineer,39,61,14,52,23
U_906,IOS,Software Engineer,41,433,3,88,49
U_907,IOS,Software Engineer,35,101,2,157,19
U_908,IOS,Marketer Manager,43,26,7,50,23
U_909,IOS,Software Engineer,43,447,7,57,33
U_910,Android,Software Engineer,36,12,12,6,42
U_911,Android,Marketer Manager,41,223,12,26,20
U_912,IOS,Software Engineer,45,58,13,111,36
U_913,IOS,Manager,37,107,16,184,39
U_914,IOS,Manager,42,448,9,41,27
U_915,IOS,Software Engineer,42,465,14,123,1
U_916,IOS,Marketer Manager,35,61,1,163,39
U_917,Android,Manager,36,76,5,185,16
U_918,IOS,Marketer Manager,42,207,16,199,7
U_919,IOS,Manager,36,408,16,150,30
U_920,IOS,Software Engineer,35,175,4,78,34
U_921,Android,Marketer Manager,36,159,14,181,12
U_922,IOS,Marketer Manager,40,61,19,130,45
U_923,IOS,Marketer Manager,35,311,5,184,15
U_924,IOS,Manager,41,292,16,116,10
U_925,IOS,Manager,42,201,8,189,49
U_926,Android,Manager,42,153,0,182,20
U_927,Android,Software Engineer,39,89,19,164,2
U_928,IOS,Manager,41,412,7,13,47
U_929,IOS,Software Engineer,41,312,1,57,22
U_930,Android,Marketer Manager,39,88,1,181,5
U_931,Android,Marketer Manager,37,272,11,93,43
U_932,Android,Software Engineer,36,128,11,194,5
U_933,IOS,Manager,36,453,16,169,2
U_934,IOS,Software Engineer,37,481,5,181,41
U_935,IOS,Marketer Manager,43,357,11,157,46
U_936,IOS,Marketer Manager,37,149,16,65,5
U_937,IOS,Software Engineer,42,141,5,94,42
U_938,Android,Manager,36,8,11,151,47
U_939,IOS,Manager,44,376,18,8,46
U_940,Android,Software Engineer,43,351,5,70,4
U_941,IOS,Software Engineer,43,231,20,196,29
U_942,Android,Manager,45,40,6,139,32
U_943,IOS,Marketer Manager,45,242,19,9,46
U_944,IOS,Software Engineer,35,404,20,41,5
U_945,Android,Manager,40,347,9,3,34
U_946,Android,Manager,39,87,6,28,42
U_947,Android,Marketer Manager,38,96,8,40,32
U_948,IOS,Marketer Manager,42,431,13,64,6
U_949,IOS,Marketer Manager,40,109,9,96,9
U_950,IOS,Marketer Manager,42,406,19,99,37
U_951,IOS,Marketer Manager,40,408,3,16,32
U_952,IOS,Software Engineer,41,81,2,76,24
U_953,IOS,Manager,41,303,19,113,34
U_954,Android,Software Engineer,35,37,6,56,44
U_955,IOS,Software Engineer,42,105,14,6,5
U_956,IOS,Software Engineer,41,473,14,23,31
U_957,IOS,Software Engineer,38,181,3,112,43
U_958,Android,Software Engineer,38,120,3,10,17
U_959,Android,Marketer Manager,39,47,2,70,29
U_960,IOS,Marketer Manager,37,493,2,174,24
U_961,IOS,Manager,37,89,19,105,48
U_962,Android,Software Engineer,44,341,19,96,39
U_963,IOS,Manager,35,186,20,66,15
U_964,Android,Marketer Manager,39,475,20,79,50
U_965,Android,Marketer Manager,40,71,16,47,48
U_966,IOS,Marketer Manager,35,444,10,44,40
U_967,Android,Software Engineer,42,395,14,117,48
U_968,IOS,Software Engineer,44,28,8,130,8
U_969,IOS,Marketer Manager,44,451,3,39,34
U_970,Android,Manager,35,87,19,118,5
U_971,IOS,Manager,43,376,12,93,50
U_972,IOS,Marketer Manager,39,267,5,160,34
U_973,IOS,Manager,41,293,0,167,40
U_974,IOS,Marketer Manager,36,320,2,39,17
U_975,Android,Manager,41,241,1,60,4
U_976,IOS,Marketer Manager,43,423,16,74,30
U_977,Android,Manager,42,97,5,91,36
U_978,Android,Software Engineer,45,495,16,82,15
U_979,IOS,Marketer Manager,45,135,15,146,14
U_980,Android,Marketer Manager,38,348,0,145,34
U_981,IOS,Manager,37,311,14,102,43
U_982,IOS,Marketer Manager,44,135,15,28,42
U_983,Android,Marketer Manager,43,420,17,31,23
U_984,Android,Marketer Manager,37,485,2,187,0
U_985,IOS,Software Engineer,40,143,16,17,16
U_986,Android,Software Engineer,44,231,0,19,8
U_987,IOS,Manager,42,495,12,136,43
U_988,Android,Software Engineer,36,404,8,41,50
U_989,IOS,Manager,45,166,14,86,42
U_990,IOS,Software Engineer,35,395,9,1,17
U_991,IOS,Manager,43,93,5,107,1
U_992,Android,Software Engineer,40,368,3,40,40
U_993,Android,Software Engineer,35,72,17,110,24
U_994,Android,Manager,36,144,6,89,30
U_995,IOS,Marketer Manager,38,464,2,149,43
U_996,Android,Marketer Manager,38,479,4,72,15
U_997,IOS,Software Engineer,43,499,14,110,49
U_998,Android,Manager,43,318,6,105,9
U_999,IOS,,35,305,15,151,6
U_1000,Android,,38,115,17,81,39
